0,12,0,-6333,0,1
1,11,61,-5805,-2575,1
2,8,111,-4222,-4686,1
3,4,143,-2111,-6037,1
4,-1,149,528,-6291,1
5,-6,130,3166,-5489,1
6,-10,88,5278,-3715,1
7,-12,31,6333,-1309,1
8,-12,-31,6333,1309,1
9,-10,-88,5278,3715,1
10,-6,-130,3166,5489,1
11,-1,-149,528,6291,1
12,4,-143,-2111,6037,1
13,8,-111,-4222,4686,1
14,11,-61,-5805,2575,1
15,16,0,-8444,0,1
16,15,62,-7916,-2618,1
17,13,118,-6861,-4982,1
18,9,162,-4750,-6840,1
19,5,190,-2639,-8022,1
20,0,200,0,-8444,1
21,-5,190,2639,-8022,1
22,-9,162,4750,-6840,1
23,-13,118,6861,-4982,1
24,-15,62,7916,-2618,1
25,-16,0,8444,0,1
26,-15,-62,7916,2618,1
27,-13,-118,6861,4982,1
28,-9,-162,4750,6840,1
29,-5,-190,2639,8022,1
30,0,-200,0,8444,1
31,5,-190,-2639,8022,1
32,9,-162,-4750,6840,1
33,13,-118,-6861,4982,1
34,15,-62,-7916,2618,1
35,20,0,-10555,0,1
36,19,62,-10027,-2618,1
37,18,120,-9500,-5066,1
38,15,171,-7916,-7220,1
39,11,211,-5805,-8908,1
40,6,238,-3166,-10048,1
41,1,250,-528,-10555,1
42,-4,246,2111,-10386,1
43,-9,226,4750,-9542,1
44,-13,193,6861,-8148,1
45,-16,147,8444,-6206,1
46,-19,92,10027,-3884,1
47,-20,31,10555,-1309,1
48,-20,-31,10555,1309,1
49,-19,-92,10027,3884,1
50,-16,-147,8444,6206,1
51,-13,-193,6861,8148,1
52,-9,-226,4750,9542,1
53,-4,-246,2111,10386,1
54,1,-250,-528,10555,1
55,6,-238,-3166,10048,1
56,11,-211,-5805,8908,1
57,15,-171,-7916,7220,1
58,18,-120,-9500,5066,1
59,19,-62,-10027,2618,1
60,24,0,-12666,0,1
61,23,62,-12138,-2618,1
62,22,122,-11610,-5151,1
63,19,176,-10027,-7431,1
64,16,223,-8444,-9415,1
65,12,260,-6333,-10977,1
66,7,285,-3694,-12033,1
67,3,298,-1583,-12582,1
68,-3,298,1583,-12582,1
69,-7,285,3694,-12033,1
70,-12,260,6333,-10977,1
71,-16,223,8444,-9415,1
72,-19,176,10027,-7431,1
73,-22,122,11610,-5151,1
74,-23,62,12138,-2618,1
75,-24,0,12666,0,1
76,-23,-62,12138,2618,1
77,-22,-122,11610,5151,1
78,-19,-176,10027,7431,1
79,-16,-223,8444,9415,1
80,-12,-260,6333,10977,1
81,-7,-285,3694,12033,1
82,-3,-298,1583,12582,1
83,3,-298,-1583,12582,1
84,7,-285,-3694,12033,1
85,12,-260,-6333,10977,1
86,16,-223,-8444,9415,1
87,19,-176,-10027,7431,1
88,22,-122,-11610,5151,1
89,23,-62,-12138,2618,1
90,28,0,-14777,0,10
91,28,62,-14777,-2618,10
92,26,123,-13722,-5193,10
93,24,180,-12666,-7600,10
94,21,230,-11083,-9711,10
95,17,274,-8972,-11568,10
96,13,308,-6861,-13004,10
97,9,333,-4750,-14059,10
98,4,347,-2111,-14650,10
99,-1,350,528,-14777,10
100,-6,341,3166,-14397,10
101,-11,322,5805,-13595,10
102,-15,292,7916,-12328,10
103,-19,253,10027,-10682,10
104,-23,206,12138,-8697,10
105,-25,152,13194,-6417,10
106,-27,93,14249,-3926,10
107,-28,31,14777,-1309,10
108,-28,-31,14777,1309,10
109,-27,-93,14249,3926,10
110,-25,-152,13194,6417,10
111,-23,-206,12138,8697,10
112,-19,-253,10027,10682,10
113,-15,-292,7916,12328,10
114,-11,-322,5805,13595,10
115,-6,-341,3166,14397,10
116,-1,-350,528,14777,10
117,4,-347,-2111,14650,10
118,9,-333,-4750,14059,10
119,13,-308,-6861,13004,10
120,17,-274,-8972,11568,10
121,21,-230,-11083,9711,10
122,24,-180,-12666,7600,10
123,26,-123,-13722,5193,10
124,28,-62,-14777,2618,10
125,32,0,-16888,0,10
126,32,63,-16888,-2660,10
127,30,124,-15832,-5235,10
128,29,182,-15305,-7684,10
129,26,235,-13722,-9922,10
130,23,283,-12138,-11948,10
131,19,324,-10027,-13679,10
132,15,356,-7916,-15030,10
133,10,380,-5278,-16044,10
134,5,395,-2639,-16677,10
135,0,400,0,-16888,10
136,-5,395,2639,-16677,10
137,-10,380,5278,-16044,10
138,-15,356,7916,-15030,10
139,-19,324,10027,-13679,10
140,-23,283,12138,-11948,10
141,-26,235,13722,-9922,10
142,-29,182,15305,-7684,10
143,-30,124,15832,-5235,10
144,-32,63,16888,-2660,10
145,-32,0,16888,0,10
146,-32,-63,16888,2660,10
147,-30,-124,15832,5235,10
148,-29,-182,15305,7684,10
149,-26,-235,13722,9922,10
150,-23,-283,12138,11948,10
151,-19,-324,10027,13679,10
152,-15,-356,7916,15030,10
153,-10,-380,5278,16044,10
154,-5,-395,2639,16677,10
155,0,-400,0,16888,10
156,5,-395,-2639,16677,10
157,10,-380,-5278,16044,10
158,15,-356,-7916,15030,10
159,19,-324,-10027,13679,10
160,23,-283,-12138,11948,10
161,26,-235,-13722,9922,10
162,29,-182,-15305,7684,10
163,30,-124,-15832,5235,10
164,32,-63,-16888,2660,10
165,36,0,-18999,0,10
166,36,63,-18999,-2660,10
167,35,124,-18471,-5235,10
168,33,183,-17416,-7726,10
169,31,238,-16360,-10048,10
170,28,289,-14777,-12202,10
171,24,334,-12666,-14101,10
172,20,373,-10555,-15748,10
173,16,404,-8444,-17057,10
174,11,428,-5805,-18070,10
175,6,443,-3166,-18703,10
176,1,450,-528,-18999,10
177,-4,448,2111,-18915,10
178,-9,437,4750,-18450,10
179,-13,417,6861,-17606,10
180,-18,390,9500,-16466,10
181,-22,355,11610,-14988,10
182,-26,313,13722,-13215,10
183,-29,265,15305,-11188,10
184,-32,211,16888,-8908,10
185,-34,154,17944,-6502,10
186,-35,94,18471,-3969,10
187,-36,31,18999,-1309,10
188,-36,-31,18999,1309,10
189,-35,-94,18471,3969,10
190,-34,-154,17944,6502,10
191,-32,-211,16888,8908,10
192,-29,-265,15305,11188,10
193,-26,-313,13722,13215,10
194,-22,-355,11610,14988,10
195,-18,-390,9500,16466,10
196,-13,-417,6861,17606,10
197,-9,-437,4750,18450,10
198,-4,-448,2111,18915,10
199,1,-450,-528,18999,10
200,6,-443,-3166,18703,10
201,11,-428,-5805,18070,10
202,16,-404,-8444,17057,10
203,20,-373,-10555,15748,10
204,24,-334,-12666,14101,10
205,28,-289,-14777,12202,10
206,31,-238,-16360,10048,10
207,33,-183,-17416,7726,10
208,35,-124,-18471,5235,10
209,36,-63,-18999,2660,10
210,40,0,-21110,0,10
211,40,63,-21110,-2660,10
212,39,124,-20582,-5235,10
213,37,184,-19527,-7768,10
214,35,241,-18471,-10175,10
215,32,294,-16888,-12413,10
216,29,342,-15305,-14439,10
217,25,385,-13194,-16255,10
218,21,422,-11083,-17817,10
219,17,452,-8972,-19083,10
220,12,476,-6333,-20097,10
221,7,491,-3694,-20730,10
222,3,499,-1583,-21068,10
223,-3,499,1583,-21068,10
224,-7,491,3694,-20730,10
225,-12,476,6333,-20097,10
226,-17,452,8972,-19083,10
227,-21,422,11083,-17817,10
228,-25,385,13194,-16255,10
229,-29,342,15305,-14439,10
230,-32,294,16888,-12413,10
231,-35,241,18471,-10175,10
232,-37,184,19527,-7768,10
233,-39,124,20582,-5235,10
234,-40,63,21110,-2660,10
235,-40,0,21110,0,10
236,-40,-63,21110,2660,10
237,-39,-124,20582,5235,10
238,-37,-184,19527,7768,10
239,-35,-241,18471,10175,10
240,-32,-294,16888,12413,10
241,-29,-342,15305,14439,10
242,-25,-385,13194,16255,10
243,-21,-422,11083,17817,10
244,-17,-452,8972,19083,10
245,-12,-476,6333,20097,10
246,-7,-491,3694,20730,10
247,-3,-499,1583,21068,10
248,3,-499,-1583,21068,10
249,7,-491,-3694,20730,10
250,12,-476,-6333,20097,10
251,17,-452,-8972,19083,10
252,21,-422,-11083,17817,10
253,25,-385,-13194,16255,10
254,29,-342,-15305,14439,10
255,32,-294,-16888,12413,10
256,35,-241,-18471,10175,10
257,37,-184,-19527,7768,10
258,39,-124,-20582,5235,10
259,40,-63,-21110,2660,10
